{"cameraMode":{"drawMode":0,"name":"Shaded","section":"Shading Mode"},"sceneLighting":false,"audioPlay":false,"sceneViewState":{"showFog":true,"showMaterialUpdate":false,"showSkybox":false,"showFlares":true,"showImageEffects":true,"showParticleSystems":true},"in2DMode":false,"pivot":{"x":-6.705522537231445e-8,"y":0.04303836077451706,"z":-0.008324861526489258},"rotation":{"x":0.18617700040340424,"y":0.5810770988464356,"z":-0.13875609636306764,"w":0.7801459431648254},"size":0.1538809835910797,"orthographic":false}