{"cameraMode":{"drawMode":0,"name":"Shaded","section":"Shading Mode"},"sceneLighting":false,"audioPlay":false,"sceneViewState":{"showFog":true,"showMaterialUpdate":false,"showSkybox":false,"showFlares":true,"showImageEffects":true,"showParticleSystems":true},"in2DMode":false,"pivot":{"x":-1.762756586074829,"y":-0.6570351123809815,"z":-3.848008871078491},"rotation":{"x":-0.07401689887046814,"y":0.7361369132995606,"z":-0.0808422788977623,"w":-0.6681413054466248},"size":5.707395553588867,"orthographic":false}