{"cameraMode":{"drawMode":0,"name":"Shaded","section":"Shading Mode"},"sceneLighting":false,"audioPlay":false,"sceneViewState":{"showFog":true,"showMaterialUpdate":false,"showSkybox":false,"showFlares":true,"showImageEffects":true,"showParticleSystems":true},"in2DMode":false,"pivot":{"x":160.8699951171875,"y":14.15999984741211,"z":184.0},"rotation":{"x":0.0019546449184417726,"y":-0.9969101548194885,"z":0.07401630282402039,"w":0.026324288919568063},"size":15.529693603515625,"orthographic":false}