{"cameraMode":{"drawMode":0,"name":"Shaded","section":"Shading Mode"},"sceneLighting":false,"audioPlay":false,"sceneViewState":{"showFog":true,"showMaterialUpdate":false,"showSkybox":false,"showFlares":true,"showImageEffects":true,"showParticleSystems":true},"in2DMode":false,"pivot":{"x":-1.5292937755584717,"y":2.411005735397339,"z":0.6344352960586548},"rotation":{"x":-0.02646470256149769,"y":-0.12741808593273164,"z":-0.0034400681033730509,"w":0.991582453250885},"size":3.389450788497925,"orthographic":false}