{"cameraMode":{"drawMode":0,"name":"Shaded","section":"Shading Mode"},"sceneLighting":false,"audioPlay":false,"sceneViewState":{"showFog":true,"showMaterialUpdate":false,"showSkybox":false,"showFlares":true,"showImageEffects":true,"showParticleSystems":true},"in2DMode":false,"pivot":{"x":0.38410282135009768,"y":4.527027130126953,"z":1.6605212688446046},"rotation":{"x":0.04309850558638573,"y":-0.9521634578704834,"z":0.26066339015960696,"w":0.15512584149837495},"size":2.2047677040100099,"orthographic":false}