{"cameraMode":{"drawMode":0,"name":"Shaded","section":"Shading Mode"},"sceneLighting":false,"audioPlay":false,"sceneViewState":{"showFog":true,"showMaterialUpdate":false,"showSkybox":false,"showFlares":true,"showImageEffects":true,"showParticleSystems":true},"in2DMode":false,"pivot":{"x":8.3284273147583,"y":-9.274449348449707,"z":24.450300216674806},"rotation":{"x":-0.1750776618719101,"y":-0.1327819675207138,"z":0.023824641481041909,"w":-0.9753379821777344},"size":18.93255043029785,"orthographic":false}