{"cameraMode":{"drawMode":0,"name":"Shaded","section":"Shading Mode"},"sceneLighting":false,"audioPlay":false,"sceneViewState":{"showFog":true,"showMaterialUpdate":false,"showSkybox":false,"showFlares":true,"showImageEffects":true,"showParticleSystems":true},"in2DMode":false,"pivot":{"x":0.8900005221366882,"y":0.726881206035614,"z":-1.2909308671951295},"rotation":{"x":0.21507208049297334,"y":0.6763201951980591,"z":-0.21701808273792268,"w":0.6702621579170227},"size":2.0667946338653566,"orthographic":false}