{"cameraMode":{"drawMode":0,"name":"Shaded","section":"Shading Mode"},"sceneLighting":false,"audioPlay":false,"sceneViewState":{"showFog":true,"showMaterialUpdate":false,"showSkybox":false,"showFlares":true,"showImageEffects":true,"showParticleSystems":true},"in2DMode":false,"pivot":{"x":-2.7312138080596926,"y":1.7360849380493165,"z":0.48471149802207949},"rotation":{"x":0.1385752260684967,"y":0.8006687760353088,"z":-0.20307804644107819,"w":0.5463529825210571},"size":0.5038875341415405,"orthographic":false}