{"cameraMode":{"drawMode":0,"name":"Shaded","section":"Shading Mode"},"sceneLighting":true,"audioPlay":false,"sceneViewState":{"showFog":true,"showMaterialUpdate":false,"showSkybox":true,"showFlares":true,"showImageEffects":true,"showParticleSystems":true},"in2DMode":false,"pivot":{"x":113.1034927368164,"y":28.761703491210939,"z":84.64382934570313},"rotation":{"x":0.10761351138353348,"y":-0.8843833804130554,"z":0.25133413076400759,"w":0.37849587202072146},"size":10.0,"orthographic":false}