{"cameraMode":{"drawMode":0,"name":"Shaded","section":"Shading Mode"},"sceneLighting":false,"audioPlay":false,"sceneViewState":{"showFog":true,"showMaterialUpdate":false,"showSkybox":false,"showFlares":true,"showImageEffects":true,"showParticleSystems":true},"in2DMode":false,"pivot":{"x":-7.1989312171936039,"y":6.393869400024414,"z":4.7490057945251469},"rotation":{"x":0.04360534995794296,"y":0.8092384338378906,"z":-0.06122318655252457,"w":0.5831227898597717},"size":0.27423295378685,"orthographic":false}