{"cameraMode":{"drawMode":0,"name":"Shaded","section":"Shading Mode"},"sceneLighting":false,"audioPlay":false,"sceneViewState":{"showFog":true,"showMaterialUpdate":false,"showSkybox":false,"showFlares":true,"showImageEffects":true,"showParticleSystems":true},"in2DMode":false,"pivot":{"x":-0.5504025816917419,"y":-0.3214195966720581,"z":5.581914901733398},"rotation":{"x":-0.07969991117715836,"y":0.027802225202322007,"z":-0.0022325257305055858,"w":-0.9964743852615356},"size":7.322835922241211,"orthographic":false}