{"cameraMode":{"drawMode":0,"name":"Shaded","section":"Shading Mode"},"sceneLighting":false,"audioPlay":false,"sceneViewState":{"showFog":true,"showMaterialUpdate":false,"showSkybox":false,"showFlares":true,"showImageEffects":true,"showParticleSystems":true},"in2DMode":false,"pivot":{"x":-0.3205201327800751,"y":0.5640323162078857,"z":-0.7953524589538574},"rotation":{"x":-0.25217533111572268,"y":0.08348684012889862,"z":-0.021860631182789804,"w":-0.963856041431427},"size":1.5117826461791993,"orthographic":false}