{"cameraMode":{"drawMode":0,"name":"Shaded","section":"Shading Mode"},"sceneLighting":false,"audioPlay":false,"sceneViewState":{"showFog":true,"showMaterialUpdate":false,"showSkybox":false,"showFlares":true,"showImageEffects":true,"showParticleSystems":true},"in2DMode":false,"pivot":{"x":26.804004669189454,"y":4.298132419586182,"z":-0.8679394721984863},"rotation":{"x":-0.0001903713127830997,"y":0.9935499429702759,"z":-0.11558374017477036,"w":0.003981031011790037},"size":1.8524800539016724,"orthographic":false}