{"cameraMode":{"drawMode":0,"name":"Shaded","section":"Shading Mode"},"sceneLighting":false,"audioPlay":false,"sceneViewState":{"showFog":true,"showMaterialUpdate":false,"showSkybox":false,"showFlares":true,"showImageEffects":true,"showParticleSystems":true},"in2DMode":false,"pivot":{"x":130.29464721679688,"y":9.308380126953125,"z":78.58536529541016},"rotation":{"x":0.005115708336234093,"y":0.9923638105392456,"z":-0.11513038724660874,"w":0.04408868029713631},"size":7.765213966369629,"orthographic":false}