{"cameraMode":{"drawMode":0,"name":"Shaded","section":"Shading Mode"},"sceneLighting":false,"audioPlay":false,"sceneViewState":{"showFog":true,"showMaterialUpdate":false,"showSkybox":false,"showFlares":true,"showImageEffects":true,"showParticleSystems":true},"in2DMode":false,"pivot":{"x":0.22546713054180146,"y":0.7106356620788574,"z":1.4846298694610596},"rotation":{"x":0.12768718600273133,"y":0.07431434094905853,"z":-0.00959591381251812,"w":0.9889927506446838},"size":2.82914137840271,"orthographic":false}