{"cameraMode":{"drawMode":0,"name":"Shaded","section":"Shading Mode"},"sceneLighting":false,"audioPlay":false,"sceneViewState":{"showFog":true,"showMaterialUpdate":false,"showSkybox":false,"showFlares":true,"showImageEffects":true,"showParticleSystems":true},"in2DMode":false,"pivot":{"x":-10.597914695739746,"y":-6.949283123016357,"z":-82.77099609375},"rotation":{"x":0.002348073059692979,"y":-0.9976884126663208,"z":0.043739475309848788,"w":0.0539240762591362},"size":45.968894958496097,"orthographic":false}