{"cameraMode":{"drawMode":0,"name":"Shaded","section":"Shading Mode"},"sceneLighting":false,"audioPlay":false,"sceneViewState":{"showFog":true,"showMaterialUpdate":true,"showSkybox":false,"showFlares":true,"showImageEffects":true,"showParticleSystems":true},"in2DMode":false,"pivot":{"x":-192.64889526367188,"y":130.5298614501953,"z":-134.76292419433595},"rotation":{"x":0.14250479638576508,"y":-0.5182462930679321,"z":0.08805971592664719,"w":0.8386722207069397},"size":12.75505256652832,"orthographic":false}