{"cameraMode":{"drawMode":0,"name":"Shaded","section":"Shading Mode"},"sceneLighting":true,"audioPlay":false,"sceneViewState":{"showFog":true,"showMaterialUpdate":true,"showSkybox":true,"showFlares":true,"showImageEffects":true,"showParticleSystems":true},"in2DMode":false,"pivot":{"x":264.27520751953127,"y":-221.1660919189453,"z":594.5376586914063},"rotation":{"x":-0.2215489149093628,"y":-0.03601342812180519,"z":0.008005738258361817,"w":-0.9746310114860535},"size":292.2325439453125,"orthographic":false}