{"cameraMode":{"drawMode":0,"name":"Shaded","section":"Shading Mode"},"sceneLighting":false,"audioPlay":false,"sceneViewState":{"showFog":true,"showMaterialUpdate":true,"showSkybox":false,"showFlares":true,"showImageEffects":true,"showParticleSystems":true},"in2DMode":false,"pivot":{"x":0.4059348702430725,"y":0.13028892874717713,"z":0.0},"rotation":{"x":0.13055840134620667,"y":0.5256668329238892,"z":-0.08203472942113877,"w":0.8365999460220337},"size":0.6505191922187805,"orthographic":false}